tiki_pid,sku,name,url_key,url_path,price,discount,discount_rate,rating_average,review_count,thumbnail_url,seller_product_id,original_price,isGiftAvailable,is_from_official_store,tiki_verified,seller_product_sku,origin,layout_type,availability,primary_category_path,shippable,seller_name,tiki_hero,imported,thumbnail_width,is_nextday_delivery,is_tikinow_delivery,seller_id,brand_name,primary_category_name,brand_id,thumbnail_height,is_authentic,productset_id,master_product_sku,quantity_sold_value,category_l1_name,category_l2_name,category_l3_name,seller_type,is_imported,is_normal_delivery,video_url,fastest_delivery_time,earliest_delivery_estimate,order_route,ingestion_dt_unix,ingestion_date
270851667,8398718337298,Mặt nạ giấy dưỡng da Hàn Quốc innisfree My Real Squeeze Mask 22ml,mat-na-giay-duong-da-han-quoc-innisfree-my-real-squeeze-mask-22ml-p270851667,mat-na-giay-duong-da-han-quoc-innisfree-my-real-squeeze-mask-22ml-p270851667.html?spid=270851673,22000,5000,19,5.0,20,https://salt.tikicdn.com/cache/280x280/ts/product/86/f8/b5/c75e6fc624b086e48ef2bed176cb558e.png,270851673,27000,False,False,1,8398718337298,Hàn Quốc,grid_view,1,1/2/1520/1582/1601,True,Tiki Trading,0,Korea,280,False,True,1,Innisfree,Mặt nạ,202607.0,280,1,993,2802466719573,2191,Làm Đẹp - Sức Khỏe,Chăm sóc da mặt,,OFFICIAL_STORE,True,,,,,,1711993659,2024-04-01
252608882,4825599512084,Tã/bỉm quần HUGGIES SKINCARE MEGA JUMBO size XL 84+4 miếng,thung-ta-bim-quan-huggies-skincare-mega-jumbo-size-xl-84-4-mieng-p252608882,thung-ta-bim-quan-huggies-skincare-mega-jumbo-size-xl-84-4-mieng-p252608882.html?spid=252608883,365000,280750,43,4.8,329,https://salt.tikicdn.com/cache/280x280/ts/product/91/49/c8/755d45d6db913492c801f42a6244f9ae.jpg,252608883,645750,False,False,1,4825599512084,Việt Nam,,1,1/2/2549/2551/2553,True,Tiki Trading,0,,280,False,True,1,Huggies,Tã quần,26702.0,280,1,1907,9207257987600,9302,Đồ Chơi - Mẹ & Bé,"Tã, Bỉm",,OFFICIAL_STORE,False,False,,,,,1711993659,2024-04-01
252608891,1033225203769,Tã/bỉm quần HUGGIES SKINCARE gói SUPER JUMBO size M 76+8 miếng,ta-bim-quan-huggies-skincare-goi-super-jumbo-size-m-76-8-mieng-p252608891,ta-bim-quan-huggies-skincare-goi-super-jumbo-size-m-76-8-mieng-p252608891.html?spid=252608895,289000,184130,39,5.0,168,https://salt.tikicdn.com/cache/280x280/ts/product/5a/e0/43/2eb01f42fae6f5d263eed5f898f2c1eb.jpg,252608895,473130,False,False,1,1033225203769,Việt Nam,grid_view,1,1/2/2549/2551/2553,True,Tiki Trading,0,,280,False,True,1,Huggies,Tã quần,26702.0,280,1,1907,2316696082775,23963,Đồ Chơi - Mẹ & Bé,"Tã, Bỉm",,OFFICIAL_STORE,False,,,,,,1711993659,2024-04-01
210966404,4061404332793,"Combo Sữa dưỡng thể Vaseline Gluta-Hya Dưỡng Da Sáng Mịn Sau 7 Ngày Bảo vệ, dưỡng sáng mịn và Dưỡng sáng chuyên sâu 330 ML",combo-sua-duong-the-vaseline-gluta-hya-duong-da-sang-min-sau-7-ngay-bao-ve-duong-sang-min-va-duong-sang-chuyen-sau-330-ml-p210966404,combo-sua-duong-the-vaseline-gluta-hya-duong-da-sang-min-sau-7-ngay-bao-ve-duong-sang-min-va-duong-sang-chuyen-sau-330-ml-p210966404.html?spid=210966406,226000,74000,25,4.7,43,https://salt.tikicdn.com/cache/280x280/ts/product/60/e8/f3/f1ea52ac7e99853696ce0aaac71f8080.png,210966406,300000,False,False,1,4061404332793,Thái Lan,,1,1/2/1520/1592/1610/4413,True,Tiki Trading,0,,280,False,True,1,Vaseline,Sữa dưỡng thể,21274.0,280,1,899,2891534062382,2127,Làm Đẹp - Sức Khỏe,Chăm sóc cơ thể,Dưỡng Thể,OFFICIAL_STORE,False,,https://salt.tikicdn.com/ts/video/51/3a/ea/44912acc8c6039e2df2591c8bd30d134.mp4,,,,1711993659,2024-04-01
203853390,6107788161435,Điện Thoại Oppo A17k (3GB/64GB),dien-thoai-oppo-a17k-3gb-64gb-hang-chinh-hang-p203853390,dien-thoai-oppo-a17k-3gb-64gb-hang-chinh-hang-p203853390.html?spid=203853392,2390000,900000,27,5.0,92,https://salt.tikicdn.com/cache/280x280/ts/product/87/d6/f6/926ea20aa6d1c89d05bb269762229923.jpg,203853392,3290000,False,False,1,6107788161435,Trung Quốc,,1,1/2/1789/1795,True,Tiki Trading,0,,280,False,True,1,OPPO,Điện thoại Smartphone,25643.0,280,1,2647,8419196146767,9238,Điện Thoại - Máy Tính Bảng,,,OFFICIAL_STORE,False,,,,,,1711993659,2024-04-01
200629270,2519676253504,[Tặng bình giữ nhiệt 1.5L]Combo 2 bịch cà phê hòa tan Nescafé 3in1 vị nguyên bản - công thức cải tiến (Bịch 46 gói x 16g),combo-2-bich-ca-phe-hoa-tan-nescafe-3in1-vi-nguyen-ban-cong-thuc-cai-tien-bich-46-goi-tang-bo-3-ly-thuy-tinh-p200629270,combo-2-bich-ca-phe-hoa-tan-nescafe-3in1-vi-nguyen-ban-cong-thuc-cai-tien-bich-46-goi-tang-bo-3-ly-thuy-tinh-p200629270.html?spid=200629271,253000,56000,18,5.0,35,https://salt.tikicdn.com/cache/280x280/ts/product/1f/aa/13/c1c9134a703a904a05d176723b2e7d11.jpg,200629271,309000,False,False,1,2519676253504,Việt Nam,,1,1/2/4384/22998/4423,True,Tiki Trading,0,,280,False,False,1,NESCAFÉ,Cà phê,33560.0,280,1,2797,1335918660832,4482,Bách Hóa Online,Đồ uống,,OFFICIAL_STORE,False,,,2024-04-02 18:00:00,2024-04-02 13:00:00,same_province,1711993659,2024-04-01
195357772,4882924146795,Máy Tính CASIO FX-880BTG - Màu Đen,may-tinh-casio-fx-880btg-mau-den-p195357772,may-tinh-casio-fx-880btg-mau-den-p195357772.html?spid=195924914,657000,143000,18,5.0,188,https://salt.tikicdn.com/cache/280x280/ts/product/6a/52/1c/b3ca29ce5f953637e72f2320b6b7d161.jpg,195924914,800000,False,False,1,4882924146795,Thái Lan,,1,1/2/8322/7741/2452/1925,True,Tiki Trading,0,,280,False,True,1,Casio,Máy tính bỏ túi,26150.0,280,1,226,1365685027390,768,Nhà Sách Tiki,Văn phòng phẩm,Máy Tính Điện Tử,OFFICIAL_STORE,False,False,,,,,1711993659,2024-04-01
195109412,2566430088910,"Bộ nồi Inox dập nguyên khối Elmich Trimax Classic EL-2110OL Size 18, 20, 24, chảo 26cm",bo-noi-inox-dap-nguyen-khoi-elmich-trimax-classic-el-2110ol-size-18-20-24-chao-26cm-p195109412,bo-noi-inox-dap-nguyen-khoi-elmich-trimax-classic-el-2110ol-size-18-20-24-chao-26cm-p195109412.html?spid=195109415,1850000,1700000,48,4.7,22,https://salt.tikicdn.com/cache/280x280/ts/product/91/3b/57/21660068c2950d2a4a6f64a278ae972a.jpg,195109415,3550000,False,False,1,2566430088910,Trung Quốc,,1,1/2/1883/1951/53052/2136,True,Tiki Trading,0,,280,False,True,1,Elmich,Bộ nồi,31627.0,280,1,4013,1520237897843,128,Nhà Cửa - Đời Sống,Dụng cụ nhà bếp,Nồi và chảo,OFFICIAL_STORE,False,,,,,,1711993659,2024-04-01
193570411,2910481289434,Nồi áp suất Elmich PCE-1805 dung tích 2.5L - Hàng Chính Hãng,noi-ap-suat-elmich-pce-1805-dung-tich-2-5l-hang-chinh-hang-p193570411,noi-ap-suat-elmich-pce-1805-dung-tich-2-5l-hang-chinh-hang-p193570411.html?spid=193570412,999000,1091000,52,5.0,34,https://salt.tikicdn.com/cache/280x280/ts/product/ab/b5/de/86e584a77eb24801aed7c54e4191c8e0.jpg,193570412,2090000,False,False,1,2910481289434,Trung Quốc,,1,1/2/1882/1884/1892/1894,True,Tiki Trading,0,,280,False,True,1,Elmich,Nồi áp suất điện,31627.0,280,1,2659,3741068286780,188,Điện Gia Dụng,Đồ dùng nhà bếp,Nồi điện các loại,OFFICIAL_STORE,False,,,,,,1711993659,2024-04-01
186118365,8426733153643,Sữa bột Vinamilk Dielac Alpha Gold 2 800g (cho trẻ từ 6 - 12 tháng tuổi),sua-bot-vinamilk-dielac-alpha-gold-2-800g-cho-tre-tu-6-12-thang-tuoi-p186118365,sua-bot-vinamilk-dielac-alpha-gold-2-800g-cho-tre-tu-6-12-thang-tuoi-p186118365.html?spid=186118366,305000,0,0,5.0,21,https://salt.tikicdn.com/cache/280x280/ts/product/a0/12/fd/01e917d2903a2b937ef96b35b1dc652b.jpg,186118366,305000,False,False,1,8426733153643,Việt Nam,,1,1/2/2549/8339/2600/2601,True,Tiki Trading,0,,280,False,True,1,Vinamilk,Sữa cho bé dưới 24 tháng ,65122.0,280,1,1951,1509598494980,21592,Đồ Chơi - Mẹ & Bé,Dinh dưỡng cho bé,Sữa bột cho bé,OFFICIAL_STORE,False,False,,,,,1711993659,2024-04-01
147903537,8854194136208,Bếp Từ Đơn Sunhouse SHD6157 (1800W) - Kèm Nồi Lẩu - Hàng Chính Hãng,be-p-tu-don-sunhouse-shd6157-1800w-kem-noi-lau-hang-chinh-hang-p147903537,be-p-tu-don-sunhouse-shd6157-1800w-kem-noi-lau-hang-chinh-hang-p147903537.html?spid=147903539,474000,620000,57,4.7,289,https://salt.tikicdn.com/cache/280x280/ts/product/b7/e0/48/7272034cf09fdf7583c3187c086f8a07.jpg,147903539,1094000,False,False,1,8854194136208,Việt Nam,,1,1/2/1882/1884/1885/1887/23808,True,Tiki Trading,0,,280,False,True,1,Sunhouse,Bếp điện từ đơn,41048.0,280,1,2737,8293191711699,3042,Điện Gia Dụng,Đồ dùng nhà bếp,Bếp các loại,OFFICIAL_STORE,False,,,,,,1711993659,2024-04-01
143185998,9747094873612,Ăn Dặm Không Phải Là Cuộc Chiến (Tái Bản),an-dam-khong-phai-la-cuoc-chien-tai-ban-p143185998,an-dam-khong-phai-la-cuoc-chien-tai-ban-p143185998.html?spid=143185999,260000,29000,10,5.0,174,https://salt.tikicdn.com/cache/280x280/ts/product/93/53/df/689fe84de59073d15cf61859e34a32a1.jpg,143185999,289000,False,False,1,9747094873612,,,1,1/2/8322/316/2527/3320,True,Tiki Trading,0,,280,False,True,1,,Cẩm nang làm cha mẹ,,280,1,260,6339750658839,1972,Nhà Sách Tiki,Sách tiếng Việt,Nuôi dạy con,OFFICIAL_STORE,False,False,,,,,1711993659,2024-04-01
138934612,1290715497821,Combo 4 Cuốn: Tô Màu Phát Triển Trí Não Bộ Cho Bé 1-5 Tuổi,combo-4-cuon-to-mau-phat-trien-tri-nao-bo-cho-be-1-5-tuoi-p138934612,combo-4-cuon-to-mau-phat-trien-tri-nao-bo-cho-be-1-5-tuoi-p138934612.html?spid=138934613,44100,19900,31,4.8,43,https://salt.tikicdn.com/cache/280x280/ts/product/35/2e/39/8f55af7870619ba3368c462edbdf2b59.jpg,138934613,64000,False,False,1,1290715497821,,,1,1/2/8322/316/393/856,True,Tiki Trading,0,,280,False,True,1,,Tô màu - Luyện chữ  ,,280,1,252,1220778698989,350,Nhà Sách Tiki,Sách tiếng Việt,Sách thiếu nhi ,OFFICIAL_STORE,False,,,,,,1711993659,2024-04-01
138481685,7999062493408,Phần mềm Microsoft 365 Family English APAC EM Subscr 1YR Medialess P8 (6GQ-01555) / P10 (6GQ-01896) - Hàng Chính Hãng,phan-mem-microsoft-365-family-english-apac-em-subscr-1yr-medialess-p8-6gq-01555-hang-chinh-hang-p138481685,phan-mem-microsoft-365-family-english-apac-em-subscr-1yr-medialess-p8-6gq-01555-hang-chinh-hang-p138481685.html?spid=138481687,1350000,140000,9,5.0,625,https://salt.tikicdn.com/cache/280x280/ts/product/fb/60/ff/5ea151187429cf474db56d7e58c42fa5.png,138481687,1490000,False,False,1,7999062493408,Singapore,,1,1/2/1846/12884/6255,True,Tiki Trading,0,,280,False,True,1,Microsoft,Phần Mềm Máy Tính,19246.0,280,1,2529,5057438857877,3422,Laptop - Máy Vi Tính - Linh kiện,Thiết Bị Văn Phòng - Thiết Bị Ngoại Vi,,OFFICIAL_STORE,False,False,,,,,1711993659,2024-04-01
110255220,8103561959401,Ấm đun nước siêu tốc Elmich Smartcook ICS-3859 (1.7 Lít) - Hàng chính hãng,am-dun-nuoc-sieu-toc-elmich-smartcook-ics-3859-1-7-lit-hang-chinh-hang-p110255220,am-dun-nuoc-sieu-toc-elmich-smartcook-ics-3859-1-7-lit-hang-chinh-hang-p110255220.html?spid=120765268,299000,280000,48,4.8,232,https://salt.tikicdn.com/cache/280x280/ts/product/45/30/89/0830a6b493ed2ac287ceb6f35e0cf549.jpg,120765268,579000,False,False,1,8103561959401,Trung Quốc,list_view,1,1/2/1882/1884/1931,True,Tiki Trading,0,,280,False,True,1,Smartcook,Bình đun siêu tốc,31626.0,280,1,2677,3762329844747,20573,Điện Gia Dụng,Đồ dùng nhà bếp,,OFFICIAL_STORE,False,,,,,,1711993659,2024-04-01
117836946,3847156071465,[Mới] Hộp giấy 2 Kg Frisolac Gold 3,moi-hop-giay-2-kg-frisolac-gold-3-p117836946,moi-hop-giay-2-kg-frisolac-gold-3-p117836946.html?spid=117836947,939000,0,0,4.8,295,https://salt.tikicdn.com/cache/280x280/ts/product/14/c5/ab/8879228abbb146068671cf492f85eafa.jpg,117836947,939000,False,False,1,3847156071465,Việt Nam,grid_view,1,1/2/2549/8339/2600/2601,True,Tiki Trading,0,,280,False,True,1,Friso,Sữa cho bé dưới 24 tháng ,32539.0,280,1,1951,6796262149905,2878,Đồ Chơi - Mẹ & Bé,Dinh dưỡng cho bé,Sữa bột cho bé,OFFICIAL_STORE,False,,,,,,1711993659,2024-04-01
117170051,8834693473922,Combo 2 Sữa rửa mặt Simple giúp kiềm dầu và ngừa mụn hiệu quả - cho da mụn nhạy cảm 150ml [CHÍNH HÃNG ĐỘC QUYỀN] [DIỆN MẠO MỚI],sua-rua-mat-simple-giup-kiem-dau-ngua-mun-cho-da-mun-nhay-cam-khong-chua-xa-phong-150ml-chinh-hang-doc-quyen-p117170051,sua-rua-mat-simple-giup-kiem-dau-ngua-mun-cho-da-mun-nhay-cam-khong-chua-xa-phong-150ml-chinh-hang-doc-quyen-p117170051.html?spid=117170052,198000,66000,25,4.8,394,https://salt.tikicdn.com/cache/280x280/ts/product/7d/ca/7b/e46e42de7514cde6b0bc2b1020758a29.png,117170052,264000,False,False,1,8834693473922,Ba Lan,,1,1/2/1520/1582/1583,True,Tiki Trading,0,Poland,280,False,True,1,SIMPLE,Sữa rửa mặt,185075.0,280,1,1071,5825229292529,49550,Làm Đẹp - Sức Khỏe,Chăm sóc da mặt,,OFFICIAL_STORE,True,,,,,,1711993659,2024-04-01
116410119,8247216513760,Túi Nước giặt Omo Nước giặt cửa trước hương Lavender Khử mùi thư thái 3.6KG,tui-nuoc-giat-omo-nuoc-giat-cua-truoc-huong-lavender-khu-mui-thu-thai-3-6kg-p116410119,tui-nuoc-giat-omo-nuoc-giat-cua-truoc-huong-lavender-khu-mui-thu-thai-3-6kg-p116410119.html?spid=116410120,175000,52000,23,4.8,1767,https://salt.tikicdn.com/cache/280x280/ts/product/0e/07/fe/68d90fd6b7cda4c6bccd18a163e747cc.png,116410120,227000,False,False,1,8247216513760,Việt Nam,grid_view,1,1/2/15078/4387/8239,True,Tiki Trading,0,,280,False,True,1,Omo,Nước giặt,33323.0,280,1,2839,2825726353839,14514,Chăm sóc nhà cửa,Giặt giũ & Chăm sóc quần áo,,OFFICIAL_STORE,False,,https://salt.tikicdn.com/ts/video/1c/f7/8e/ab60b98e78021ec59d5e09efdfa0e31e.mp4,,,,1711993659,2024-04-01
100989176,5435284312031,Nước Xả Làm Mềm Vải Comfort Chăm Sóc Dịu Nhẹ Cho Da Nhạy Cảm 3.8L,nuoc-xa-lam-mem-vai-comfort-cham-soc-diu-nhe-cho-da-nhay-cam-3-8l-p100989176,nuoc-xa-lam-mem-vai-comfort-cham-soc-diu-nhe-cho-da-nhay-cam-3-8l-p100989176.html?spid=100989177,230000,55000,19,4.8,1366,https://salt.tikicdn.com/cache/280x280/ts/product/99/50/ff/bce034e8b09f3b9fe9d010309d1b606d.jpg,100989177,285000,True,False,1,5435284312031,Việt Nam,,1,1/2/15078/4387/4403,True,Tiki Trading,0,,280,False,True,1,Comfort,Nước xả vải,27954.0,280,1,2783,8242593191874,10112,Chăm sóc nhà cửa,Giặt giũ & Chăm sóc quần áo,,OFFICIAL_STORE,False,False,https://salt.tikicdn.com/ts/video/74/03/99/0ec6fef625fd50a29bd1f0109b484847.mp4,,,,1711993659,2024-04-01
248758024,8657449597201,Combo 3 Túi Viên Giặt Quần Áo Omo Cho Máy Giặt Cửa Trước Và Cửa Trên Công Nghệ Anh Quốc 17 Viên,combo-3-tui-vien-giat-quan-ao-omo-cho-may-giat-cua-truoc-va-cua-tren-cong-nghe-anh-quoc-17-vien-p248758024,combo-3-tui-vien-giat-quan-ao-omo-cho-may-giat-cua-truoc-va-cua-tren-cong-nghe-anh-quoc-17-vien-p248758024.html?spid=95304510,314000,106000,25,4.8,1647,https://salt.tikicdn.com/cache/280x280/ts/product/dd/d3/de/9d55c30c2580b81efa231651c26f805a.jpg,95304510,420000,False,False,1,8657449597201,Việt Nam,,1,1/2/15078/4387/8239,True,Tiki Trading,0,,280,False,True,1,Omo,Nước giặt,33323.0,280,1,2839,4909144506921,10355,Chăm sóc nhà cửa,Giặt giũ & Chăm sóc quần áo,,OFFICIAL_STORE,False,False,https://salt.tikicdn.com/ts/video/fa/13/a4/bb0d6dbcdc4f7c695a7a8dfde5306eae.mp4,,,,1711993659,2024-04-01
95218547,1154211689195,Đọc Vị Mọi Vấn Đề Của Trẻ - Giải Mã Mọi Vấn Đề Về Nuôi Con Nhỏ: Ăn - Ngủ - Kỷ Luật Hành Vi (Tái Bản),doc-vi-moi-van-de-cua-tre-giai-ma-moi-van-de-ve-nuoi-con-nho-an-ngu-ky-luat-hanh-vi-tai-ban-p95218547,doc-vi-moi-van-de-cua-tre-giai-ma-moi-van-de-ve-nuoi-con-nho-an-ngu-ky-luat-hanh-vi-tai-ban-p95218547.html?spid=95218570,94600,104400,52,5.0,564,https://salt.tikicdn.com/cache/280x280/ts/product/67/b2/fa/6f314105fd1bdc7431fa278d580dc339.jpg,95218570,199000,False,False,1,1154211689195,,,1,1/2/8322/316/2527/3320,True,Tiki Trading,0,,280,False,True,1,,Cẩm nang làm cha mẹ,,280,1,260,5631197200511,4667,Nhà Sách Tiki,Sách tiếng Việt,Nuôi dạy con,OFFICIAL_STORE,False,,,,,,1711993659,2024-04-01
75615273,8389613056607,Combo 3 Cuốn Sách Ehon: Buồn Ngủ Ơi Là Buồn Ngủ (Dành Cho Trẻ Từ 0 - 4 Tuổi),combo-3-cuon-sach-ehon-buon-ngu-oi-la-buon-ngu-danh-cho-tre-tu-0-4-tuoi-p75615273,combo-3-cuon-sach-ehon-buon-ngu-oi-la-buon-ngu-danh-cho-tre-tu-0-4-tuoi-p75615273.html?spid=75615274,98900,18100,15,5.0,523,https://salt.tikicdn.com/cache/280x280/ts/product/a5/18/65/a99cb6dcced08c51f64c7a16ebe5cae8.png,75615274,117000,False,False,1,8389613056607,,,1,1/2/8322/316/393/6040,True,Tiki Trading,1,,280,False,False,1,,Truyện tranh Ehon,,280,1,252,3533405435995,3601,Nhà Sách Tiki,Sách tiếng Việt,Sách thiếu nhi ,OFFICIAL_STORE,False,,,2024-04-04 19:00:00,,hn_hcm,1711993659,2024-04-01
72331113,3915457689326,"Dao cạo Gillette Mach 3+ ,  Hộp 1 cán + 2 đầu lưỡi",dao-cao-gillette-mach-3-1-can-2-dau-luoi-p72331113,dao-cao-gillette-mach-3-1-can-2-dau-luoi-p72331113.html?spid=72331114,189000,0,0,4.8,4,https://salt.tikicdn.com/cache/280x280/ts/product/ce/48/76/c4c71bf23f86edaf78ebb89d2eeabde5.jpg,72331114,189000,False,False,1,3915457689326,Việt Nam,,1,1/2/1520/2306/1634,True,Tiki Trading,0,,280,False,True,1,Gillette,Dụng cụ cắt tóc,46335.0,280,1,939,2813407534669,44,Làm Đẹp - Sức Khỏe,Dụng cụ làm đẹp,,OFFICIAL_STORE,False,,,,,,1711993659,2024-04-01
68370674,2000225859153,Nước Xả Làm Mềm Vải COMFORT Nước Xả Vải Hương Ban Mai Đậm Đặc 1 Lần Xả Giúp Giữ Màu & Bền Vải 3.8L,nuoc-xa-lam-mem-vai-comfort-nuoc-xa-vai-huong-ban-mai-dam-dac-1-lan-xa-giup-giu-mau-ben-vai-3-8l-p68370674,nuoc-xa-lam-mem-vai-comfort-nuoc-xa-vai-huong-ban-mai-dam-dac-1-lan-xa-giup-giu-mau-ben-vai-3-8l-p68370674.html?spid=68370676,205000,66000,24,4.8,1205,https://salt.tikicdn.com/cache/280x280/media/catalog/producttmp/0e/c7/89/9972a85582771320a1ada3b4e1138b20.jpg,68370676,271000,False,False,1,2000225859153,Việt Nam,,1,1/2/15078/4387/4403,True,Tiki Trading,0,,280,False,True,1,Comfort,Nước xả vải,27954.0,280,1,2783,1543417007372,7918,Chăm sóc nhà cửa,Giặt giũ & Chăm sóc quần áo,,OFFICIAL_STORE,False,False,https://salt.tikicdn.com/ts/video/b1/5a/14/ca73d9067f7795d05f3bc78ff53b7dcb.mp4,,,,1711993659,2024-04-01
66512832,7796518723519,Máy Hút Bụi Lock&Lock ENV336BLK (400W) - Hàng Chính Hãng,may-hut-bui-lock-lock-env336blk-400w-hang-chinh-hang-p66512832,may-hut-bui-lock-lock-env336blk-400w-hang-chinh-hang-p66512832.html?spid=66512833,1690000,1568000,48,4.7,1217,https://salt.tikicdn.com/cache/280x280/ts/product/36/15/35/105125208af8845b02c1e6ed6af892be.jpg,66512833,3258000,False,False,1,7796518723519,Trung Quốc,list_view,1,1/2/1882/1946/2009/2039,True,Tiki Trading,0,,280,False,True,1,LocknLock,Hút bụi cầm tay,48077.0,280,1,168,5856182606654,4057,Điện Gia Dụng,Thiết bị gia đình,Máy hút bụi,OFFICIAL_STORE,False,,https://salt.tikicdn.com/ts/video/bb/11/4a/f62b363de2e4d21f8bb1c4c3ecaf72ed.mp4,,,,1711993659,2024-04-01
59479717,8503507551225,Máy sấy tóc Philips BHC010/10 - Hàng Chính Hãng,may-say-toc-philips-bhc010-10-hang-chinh-hang-p59479717,may-say-toc-philips-bhc010-10-hang-chinh-hang-p59479717.html?spid=59479718,323000,72000,18,4.8,327,https://salt.tikicdn.com/cache/280x280/ts/product/b8/73/05/1be38339f129b7c8b109ce209c9a33dc.jpg,59479718,395000,False,False,1,8503507551225,Trung Quốc,,1,1/2/1882/1946/55946/2334,True,Tiki Trading,1,,280,False,True,1,Philips,Máy sấy tóc,19018.0,280,1,885,4404191078255,1553,Điện Gia Dụng,Thiết bị gia đình,Thiết bị chăm sóc cá nhân,OFFICIAL_STORE,False,,,,,,1711993659,2024-04-01
58342212,8218625898243,Set 3 cuốn Moi Moi và những người bạn - Dành cho trẻ từ 0-2 tuổi,set-3-cuon-moi-moi-va-nhung-nguoi-ban-danh-cho-tre-tu-0-2-tuoi-p58342212,set-3-cuon-moi-moi-va-nhung-nguoi-ban-danh-cho-tre-tu-0-2-tuoi-p58342212.html?spid=59395317,98900,18100,15,5.0,635,https://salt.tikicdn.com/cache/280x280/ts/product/65/4f/85/d236419a127c68540e79747dd981b071.png,59395317,117000,False,False,1,8218625898243,,,1,1/2/8322/316/393/6040,True,Tiki Trading,1,,280,False,False,1,,Truyện tranh Ehon,,280,1,252,5085821233016,4051,Nhà Sách Tiki,Sách tiếng Việt,Sách thiếu nhi ,OFFICIAL_STORE,False,,,2024-04-04 19:00:00,,hn_hcm,1711993659,2024-04-01
59143355,9994175571100,Combo Tiết Kiệm: 6 Gói Khăn Ướt Bobby Care Bổ Sung 80 Miếng/Gói,combo-tiet-kiem-6-goi-khan-uot-bobby-care-bo-sung-80-mieng-goi-p59143355,combo-tiet-kiem-6-goi-khan-uot-bobby-care-bo-sung-80-mieng-goi-p59143355.html?spid=59143356,154000,77000,33,4.8,1395,https://salt.tikicdn.com/cache/280x280/ts/product/60/2a/2f/19989ea9e20f6b0b1a5d6ca10d2e8a75.jpg,59143356,231000,False,False,1,9994175571100,Việt Nam,,1,1/2/2549/2551/2555,True,Tiki Trading,0,,280,False,True,1,Bobby,Khăn giấy ướt cho bé,26863.0,280,1,1911,9389478281236,8263,Đồ Chơi - Mẹ & Bé,"Tã, Bỉm",,OFFICIAL_STORE,False,False,,,,,1711993659,2024-04-01
136666870,7573560686425,Dầu Gội PANTENE Chai,dau-goi-pantene-chai-650ml-900ml-1-2l-1-8l-p136666870,dau-goi-pantene-chai-650ml-900ml-1-2l-1-8l-p136666870.html?spid=58462893,191000,34000,15,4.7,22,https://salt.tikicdn.com/cache/280x280/ts/product/06/ae/50/777e8a9ca14fb5ddfcdea991901d122c.jpg,58462893,225000,False,False,1,7573560686425,Thái Lan,,1,1/2/1520/1591/8222/1613,True,Tiki Trading,1,,280,False,False,1,Pantene,Dầu Gội,21276.0,280,1,853,2482963473832,2270,Làm Đẹp - Sức Khỏe,Chăm sóc tóc và da đầu,"Dầu gội, dầu xả",OFFICIAL_STORE,False,,,2024-04-04 19:00:00,,hn_hcm,1711993659,2024-04-01
53507455,6610111019477,Bộ Đôi TSUBAKI Phục Hồi Ngăn Rụng Tóc (490ml/chai),bo-doi-tsubaki-phuc-hoi-ngan-rung-toc-490ml-chai-p53507455,bo-doi-tsubaki-phuc-hoi-ngan-rung-toc-490ml-chai-p53507455.html?spid=56655136,305000,125000,29,4.8,134,https://salt.tikicdn.com/cache/280x280/ts/product/0c/68/be/e76389f6c115875c5d0170ac7cd50ec1.jpg,56655136,430000,False,False,1,6610111019477,Nhật Bản,grid_view,1,1/2/1520/1591/8222/1613,True,Tiki Trading,1,Japan,280,False,True,1,TSUBAKI,Dầu Gội,238861.0,280,1,853,1153050596616,7342,Làm Đẹp - Sức Khỏe,Chăm sóc tóc và da đầu,"Dầu gội, dầu xả",OFFICIAL_STORE,True,,,,,,1711993659,2024-04-01
53506478,7659250562672,Bộ Đôi TSUBAKI Dưỡng Tóc Bóng Mượt (490ml/chai),bo-doi-tsubaki-duong-toc-bong-muot-490ml-chai-p53506478,bo-doi-tsubaki-duong-toc-bong-muot-490ml-chai-p53506478.html?spid=56655135,314000,116000,27,5.0,19,https://salt.tikicdn.com/cache/280x280/ts/product/8a/41/64/15ce62db933db04029a4445f1a05ab3e.jpg,56655135,430000,False,False,1,7659250562672,Nhật Bản,grid_view,1,1/2/1520/1591/8222/1613,True,Tiki Trading,0,Japan,280,False,True,1,TSUBAKI,Dầu Gội,238861.0,280,1,853,1697471749300,2212,Làm Đẹp - Sức Khỏe,Chăm sóc tóc và da đầu,"Dầu gội, dầu xả",OFFICIAL_STORE,True,,,,,,1711993659,2024-04-01
56018126,8700059515709,Combo Dầu gội & Dầu xả TRESEMME Salon Rebond dưỡng tóc hư tổn Với Công nghệ Tái kết nối Keratin ngăn gãy rụng đến 98% 640g + 620g,combo-dau-goi-dau-xa-tresemme-salon-rebond-duong-toc-hu-ton-voi-cong-nghe-tai-ket-noi-keratin-ngan-gay-rung-den-98-640g-620g-p56018126,combo-dau-goi-dau-xa-tresemme-salon-rebond-duong-toc-hu-ton-voi-cong-nghe-tai-ket-noi-keratin-ngan-gay-rung-den-98-640g-620g-p56018126.html?spid=56018127,321000,141000,31,4.7,895,https://salt.tikicdn.com/cache/280x280/ts/product/d8/86/eb/a6ea834e034f36ef1e568b2b542203e8.png,56018127,462000,False,False,1,8700059515709,Việt Nam,grid_view,1,1/2/1520/1591/8222/1613,True,Tiki Trading,0,,280,False,True,1,TRESemmé,Dầu Gội,27918.0,280,1,853,8411950658746,4933,Làm Đẹp - Sức Khỏe,Chăm sóc tóc và da đầu,"Dầu gội, dầu xả",OFFICIAL_STORE,False,,https://salt.tikicdn.com/ts/video/b0/be/46/3189b25f91606f9a7722d8529bf5b80d.mp4,,,,1711993659,2024-04-01
55461727,9864667853444,Kem Dưỡng Sáng Da Laneige Radian-C Cream 50ml,kem-duong-sang-da-laneige-radian-c-cream-50ml-p55461727,kem-duong-sang-da-laneige-radian-c-cream-50ml-p55461727.html?spid=55461728,1060000,140000,12,4.6,177,https://salt.tikicdn.com/cache/280x280/ts/product/95/12/90/4be7215f81529c3cb12eda25f4b83bbc.jpg,55461728,1200000,True,False,1,9864667853444,Hàn Quốc,grid_view,1,1/2/1520/1582/17170,True,Tiki Trading,0,Korea,280,False,True,1,Laneige,Kem và sữa dưỡng da,64932.0,280,1,1369,2579162520292,713,Làm Đẹp - Sức Khỏe,Chăm sóc da mặt,,OFFICIAL_STORE,True,,,,,,1711993659,2024-04-01
53831604,9780424993843,Dầu Gạo Lứt Simply 2L,dau-gao-lut-simply-2l-p53831604,dau-gao-lut-simply-2l-p53831604.html?spid=53831605,138000,11000,7,5.0,404,https://salt.tikicdn.com/cache/280x280/ts/product/fe/b0/53/5a8c6f4f8e2c6b5b2c160a24ddab5c10.jpg,53831605,149000,False,False,1,9780424993843,Việt Nam,,1,1/2/4384/4422/5477/8284,False,Tiki Trading,0,,280,False,False,1,Simply,Dầu thực vật,48257.0,280,1,2865,7993121908948,4306,Bách Hóa Online,Gia Vị và Chế Biến,Dầu ăn,OFFICIAL_STORE,False,,,,,,1711993659,2024-04-01
135079395,2808766166514,Bàn ủi hơi nước Philips GC1740 (2000W) - Hàng chính hãng,ban-ui-hoi-nuoc-philips-gc1740-2000w-hang-chinh-hang-p135079395,ban-ui-hoi-nuoc-philips-gc1740-2000w-hang-chinh-hang-p135079395.html?spid=51227518,489000,210000,30,4.8,126,https://salt.tikicdn.com/cache/280x280/ts/product/ef/1a/0d/a33928c5a67358084e6ae7ff652adf88.jpg,51227518,699000,False,False,1,2808766166514,Trung Quốc,,1,1/2/1882/1946/1993/1994,True,Tiki Trading,0,,280,False,True,1,Philips,Bàn ủi hơi nước,19018.0,280,1,163,8582731403823,1909,Điện Gia Dụng,Thiết bị gia đình,"Bàn ủi, bàn là",OFFICIAL_STORE,False,,,,,,1711993659,2024-04-01
50685547,4287739111559,Bản Đồ (Bản Thông Thường),ban-do-p50685547,ban-do-p50685547.html?spid=50685549,266000,79000,23,4.8,936,https://salt.tikicdn.com/cache/280x280/ts/product/6f/c4/48/574854f032ae36fc0d0a57b61f588965.jpg,50685549,345000,False,False,1,4287739111559,,,1,1/2/8322/316/393/853,True,Tiki Trading,1,,280,False,False,1,,Kiến thức - Bách khoa,,280,1,252,2022689106017,5932,Nhà Sách Tiki,Sách tiếng Việt,Sách thiếu nhi ,OFFICIAL_STORE,False,,,2024-04-04 19:00:00,,hn_hcm,1711993659,2024-04-01
48962414,4784570873375,Lò Vi Sóng Sharp R-208VN-WS (20L) - Hàng Chính Hãng,lo-vi-song-sharp-r-208vn-ws-20l-hang-chinh-hang-p48962414,lo-vi-song-sharp-r-208vn-ws-20l-hang-chinh-hang-p48962414.html?spid=48962415,1250000,310000,20,4.7,324,https://salt.tikicdn.com/cache/280x280/ts/product/c5/3f/70/c780947901d8abd73f4f9a6c83d61234.jpg,48962415,1560000,False,False,1,4784570873375,Trung Quốc,,1,1/2/1882/1884/2022/2036,True,Tiki Trading,1,,280,False,True,1,Sharp,Lò vi sóng cơ,19912.0,280,1,2689,6922548879372,1523,Điện Gia Dụng,Đồ dùng nhà bếp,Lò vi sóng,OFFICIAL_STORE,False,,,,,,1711993659,2024-04-01
11616161,4387634221657,Kem Vi Dưỡng Chống Lão Hóa Ban Đêm OLAY Regenerist (50G),kem-vi-duong-chong-lao-hoa-ban-dem-olay-regenerist--50g--p11616161,kem-vi-duong-chong-lao-hoa-ban-dem-olay-regenerist--50g--p11616161.html?spid=38929628,268000,231000,46,4.5,161,https://salt.tikicdn.com/cache/280x280/ts/product/8f/30/b3/1d1a8ffea1aae02f9c6c347c837a5f78.jpg,38929628,499000,False,False,1,4387634221657,Thái Lan,,1,1/2/1520/1582/17170,True,Tiki Trading,0,,280,False,True,1,Olay,Kem và sữa dưỡng da,21279.0,280,1,1369,2576846509888,822,Làm Đẹp - Sức Khỏe,Chăm sóc da mặt,,OFFICIAL_STORE,False,,,,,,1711993659,2024-04-01
22254660,6574261437195,"Combo Dầu Gội, Dầu Xả TRESEMME Keratin Smooth Dưỡng tóc khô xơ rối Công thức chuẩn salon Hydrolyzed Keratin trong Dầu Gội và dầu Xả dưỡng Tóc Vào Nếp Suôn Mượt 640g, 620g",combo-dau-goi--dau-xa-tresemme-keratin-smooth-duong-toc-kho-xo-roi-cong-thuc-chuan-salon-hydrolyzed-keratin-trong-dau-goi-va-dau-xa-duong-toc-vao-nep-suon-muot-640g--620g-p22254660,combo-dau-goi--dau-xa-tresemme-keratin-smooth-duong-toc-kho-xo-roi-cong-thuc-chuan-salon-hydrolyzed-keratin-trong-dau-goi-va-dau-xa-duong-toc-vao-nep-suon-muot-640g--620g-p22254660.html?spid=22254661,321000,141000,31,4.7,2498,https://salt.tikicdn.com/cache/280x280/ts/product/03/dc/34/c9c40fda3ad97bc16ef29e524edf55cb.png,22254661,462000,False,False,1,6574261437195,Việt Nam,grid_view,1,1/2/1520/1591/8222/1613,True,Tiki Trading,0,,280,False,True,1,TRESemmé,Dầu Gội,27918.0,280,1,853,6822279641906,25422,Làm Đẹp - Sức Khỏe,Chăm sóc tóc và da đầu,"Dầu gội, dầu xả",OFFICIAL_STORE,False,,https://salt.tikicdn.com/ts/video/65/4c/fe/4facfbed367b34abbd5c2001bf219a85.mp4,,,,1711993659,2024-04-01
21973737,2617100525098,Thùng 48 Hộp Sữa Tươi Tiệt Trùng Vinamilk 100% Ít Đường  (110ml / Hộp),thung-48-hop-sua-tuoi-tiet-trung-vinamilk-100-it-duong-110ml-hop-p21973737,thung-48-hop-sua-tuoi-tiet-trung-vinamilk-100-it-duong-110ml-hop-p21973737.html?spid=21973738,251000,39000,13,4.8,326,https://salt.tikicdn.com/cache/280x280/ts/product/21/57/6d/8022d5337be43607b289badecea90e6d.png,21973738,290000,False,False,1,2617100525098,Việt Nam,,1,1/2/4384/53562/8273/53564,True,Tiki Trading,0,,280,False,True,1,Vinamilk,Sữa tiệt trùng (UHT),65122.0,280,1,2843,3981517443238,1806,Bách Hóa Online,Sữa và các Sản phẩm từ sữa,Sữa nước,OFFICIAL_STORE,False,,,,,,1711993659,2024-04-01
2738475,6721398123389,Bộ 3 Hộp Silcot Bông Trang Điểm (bông tẩy trang) Nhật Bản (82 Miếng/Hộp),bo-3-hop-silcot-bong-trang-diem-bong-tay-trang-nhat-ban-82-mieng-hop-p2738475,bo-3-hop-silcot-bong-trang-diem-bong-tay-trang-nhat-ban-82-mieng-hop-p2738475.html?spid=13670127,68700,57300,45,4.8,1637,https://salt.tikicdn.com/cache/280x280/ts/product/65/32/ef/a3bfdeedda822923afed9d0826161465.png,13670127,126000,False,False,1,6721398123389,Nhật Bản,,1,1/2/1520/1582/11605,True,Tiki Trading,0,Japan,280,False,True,1,Silcot,Dung dịch tẩy trang,48249.0,280,1,1053,1646370110605,19987,Làm Đẹp - Sức Khỏe,Chăm sóc da mặt,,OFFICIAL_STORE,True,,,,,,1711993659,2024-04-01
10920495,3194948182656,Dế Mèn Phiêu Lưu Ký,de-men-phieu-luu-ky-p10920495,de-men-phieu-luu-ky-p10920495.html?spid=10920496,112000,38000,25,5.0,811,https://salt.tikicdn.com/cache/280x280/ts/product/47/54/8e/30bac752bcca2beb34a3522990805aa1.jpg,10920496,150000,False,False,1,3194948182656,,,1,1/2/8322/316/393/1754,True,Tiki Trading,0,,280,False,True,1,,Văn học thiếu nhi,,280,1,252,6934252452697,6935,Nhà Sách Tiki,Sách tiếng Việt,Sách thiếu nhi ,OFFICIAL_STORE,False,,,,,,1711993659,2024-04-01
8959289,2502480584851,"Kem chống nắng nâng tông Skin Aqua Tone up Lavender cho da tối màu & da vàng, dạng tinh chất Sunplay Skin Aqua Tone Up UV Essence Lavender SPF 50+ PA++++ 50g",kem-chong-nang-nang-tong-skin-aqua-tone-up-lavender-cho-da-toi-mau-da-vang-dang-tinh-chat-sunplay-skin-aqua-tone-up-uv-essence-lavender-spf-50-pa-50g-p8959289,kem-chong-nang-nang-tong-skin-aqua-tone-up-lavender-cho-da-toi-mau-da-vang-dang-tinh-chat-sunplay-skin-aqua-tone-up-uv-essence-lavender-spf-50-pa-50g-p8959289.html?spid=10863050,170000,29000,15,4.6,1391,https://salt.tikicdn.com/cache/280x280/ts/product/f6/24/ea/f505eb212415d4750f1b7067db3394cf.jpg,10863050,199000,False,False,1,2502480584851,Việt Nam,,1,1/2/1520/1582/3422,True,Tiki Trading,1,,280,False,True,1,Sunplay,Kem chống nắng,112882.0,280,1,1095,7332466162606,19902,Làm Đẹp - Sức Khỏe,Chăm sóc da mặt,,OFFICIAL_STORE,False,,,,,,1711993659,2024-04-01
10278713,1528760267840,"Nước uống collagen giúp sáng da, dạ dày khỏe Blossomy lốc 10 chai x 50ml",nuoc-uong-collagen-giup-sang-da-da-day-khoe-blossomy-loc-10-chai-x-50ml-p10278713,nuoc-uong-collagen-giup-sang-da-da-day-khoe-blossomy-loc-10-chai-x-50ml-p10278713.html?spid=10862760,462000,68000,13,4.7,1111,https://salt.tikicdn.com/cache/280x280/ts/product/cf/88/af/639fade942189409dff38d7d0cae106e.jpg,10862760,530000,True,False,1,1528760267840,Việt Nam,,1,1/2/1520/2322/2826/56036,True,Tiki Trading,0,,280,False,True,1,Blossomy,Collagen,114333.0,280,1,1409,3040197660295,11457,Làm Đẹp - Sức Khỏe,Thực phẩm chức năng,Thực phẩm chức năng làm đẹp,OFFICIAL_STORE,False,,,,,,1711993659,2024-04-01
632680,5440086254136,"Dầu gội Selsun chống gàu, sạch gàu & hết ngứa da đầu Selsun Anti-Dandruff Shampoo 100ml",dau-goi-selsun-chong-gau-sach-gau-het-ngua-da-dau-selsun-anti-dandruff-shampoo-100ml-p632680,dau-goi-selsun-chong-gau-sach-gau-het-ngua-da-dau-selsun-anti-dandruff-shampoo-100ml-p632680.html?spid=10862721,84500,14500,15,4.8,1560,https://salt.tikicdn.com/cache/280x280/ts/product/7c/9c/a5/4bd1312c3bcdbe0475df20cffee3c5a6.jpg,10862721,99000,False,False,1,5440086254136,Việt Nam,grid_view,1,1/2/1520/1591/8222/1613,True,Tiki Trading,0,,280,False,True,1,Selsun,Dầu Gội,112885.0,280,1,853,3469267168798,19613,Làm Đẹp - Sức Khỏe,Chăm sóc tóc và da đầu,"Dầu gội, dầu xả",OFFICIAL_STORE,False,,,,,,1711993659,2024-04-01
10071383,7279156809512,Sữa Tắm Lifebuoy Detox Và Sạch Sâu Khỏi Bụi Mịn Pm2.5 Detox Bảo Vệ Khỏi Vi Khuẩn Gây Mụn Cơ Thể Matcha & Khổ Qua Chai 800G,sua-tam-lifebuoy-detox-va-sach-sau-khoi-bui-min-pm2-5-detox-bao-ve-khoi-vi-khuan-gay-mun-co-the-matcha-kho-qua-chai-800g-p10071383,sua-tam-lifebuoy-detox-va-sach-sau-khoi-bui-min-pm2-5-detox-bao-ve-khoi-vi-khuan-gay-mun-co-the-matcha-kho-qua-chai-800g-p10071383.html?spid=10071384,149000,46000,24,4.7,1455,https://salt.tikicdn.com/cache/280x280/ts/product/08/ea/53/540ef0f7d8b53341a69f248d370be826.png,10071384,195000,False,False,1,7279156809512,Việt Nam,list_view,1,1/2/1520/1592/8212/13878,True,Tiki Trading,0,,280,False,True,1,Lifebuoy,Dụng cụ tắm,21266.0,280,1,1363,5054707209810,11295,Làm Đẹp - Sức Khỏe,Chăm sóc cơ thể,Tắm và dụng cụ tắm,OFFICIAL_STORE,False,,,,,,1711993659,2024-04-01
73124602,4532995484061,Bình Giữ Nhiệt Bằng Thép Không Gỉ Lock&amp;Lock Vacuum Bottle LHC6180FU (800ML),binh-giu-nhiet-bang-thep-khong-gi-lock-lock-vacuum-bottle-lhc6180slv-800ml-p73124602,binh-giu-nhiet-bang-thep-khong-gi-lock-lock-vacuum-bottle-lhc6180slv-800ml-p73124602.html?spid=1734499,419000,258000,38,4.7,6947,https://salt.tikicdn.com/cache/280x280/media/catalog/producttmp/66/3d/43/a79f866f7ed71bcf4799085f9ffe6995.jpg,1734499,677000,False,False,1,4532995484061,Trung Quốc,,1,1/2/1883/1954/67834/1936,True,Tiki Trading,0,,280,False,True,1,LocknLock,Bình giữ nhiệt,48077.0,280,1,3997,7494611465205,39186,Nhà Cửa - Đời Sống,Đồ dùng phòng ăn,Bình/ Ly giữ nhiệt,OFFICIAL_STORE,False,,,,,,1711993659,2024-04-01
1453915,9746840715278,Ly Giữ Nhiệt Bằng Thép Không Gỉ Lock&Lock Clip Tumbler LHC4151BLK (540ml) - Đen,ly-giu-nhiet-bang-thep-khong-gi-lock-lock-clip-tumbler-lhc4151blk-540ml-den-p1453915,ly-giu-nhiet-bang-thep-khong-gi-lock-lock-clip-tumbler-lhc4151blk-540ml-den-p1453915.html?spid=1454601,444000,62000,12,4.8,1883,https://salt.tikicdn.com/cache/280x280/ts/product/ea/f9/02/9672f465346f13180fdfd9d62f48ef65.jpg,1454601,506000,False,False,1,9746840715278,Trung Quốc,,1,1/2/1883/1954/67834/1936,True,Tiki Trading,1,,280,False,True,1,LocknLock,Bình giữ nhiệt,48077.0,280,1,3997,3518922536219,15134,Nhà Cửa - Đời Sống,Đồ dùng phòng ăn,Bình/ Ly giữ nhiệt,OFFICIAL_STORE,False,,,,,,1711993659,2024-04-01
1672157,3479249035840,Bao cao su Durex Invisible Extra Thin Extra Sensitive 1 Hộp 10 Bao,bao-cao-su-durex-invisible-extra-thin-extra-sensitive-1-hop-10-bao-p1672157,bao-cao-su-durex-invisible-extra-thin-extra-sensitive-1-hop-10-bao-p1672157.html?spid=1115608,215000,102000,32,4.7,1723,https://salt.tikicdn.com/cache/280x280/media/catalog/producttmp/47/3f/fe/d2bf86f38da79c5ddfdce7de381230d0.jpg,1115608,317000,False,False,1,3479249035840,Trung Quốc,,1,1/2/1520/8142/1630,True,Tiki Trading,1,,280,False,True,1,Durex,Bao cao su,21261.0,280,1,867,6898690858292,26203,Làm Đẹp - Sức Khỏe,Hỗ trợ tình dục,,OFFICIAL_STORE,False,False,,,,,1711993659,2024-04-01
897016,2521429143317,Combo Sân Chơi Trí Tuệ Của Chim Đa Đa (Bộ 6 Cuốn),combo-san-choi-tri-tue-cua-chim-da-da-bo-6-cuon-p897016,combo-san-choi-tri-tue-cua-chim-da-da-bo-6-cuon-p897016.html?spid=897036,126000,54000,30,5.0,294,https://salt.tikicdn.com/cache/280x280/media/catalog/product/c/h/chimdada-1.u5465.d20170911.t163130.160238.jpg,897036,180000,False,False,1,2521429143317,,list_view,1,1/2/8322/316/393/853,True,Tiki Trading,0,,280,False,True,1,,Kiến thức - Bách khoa,,280,1,252,2523098116272,5562,Nhà Sách Tiki,Sách tiếng Việt,Sách thiếu nhi ,OFFICIAL_STORE,False,,,,,,1711993659,2024-04-01
579962,1224906877132,"Bộ Nồi 5 Đáy Cao Cấp Núm Vàng Sunhouse SH781 Quay Mạ Vàng Cao Cấp (16cm, 20cm, 24cm) - Dùng Cho Mọi Loại Bếp - Hàng Chính Hãng",bo-noi-5-day-cao-cap-num-vang-sunhouse-sh781-quay-ma-vang-cao-cap-16cm-20cm-24cm-dung-cho-moi-loai-bep-hang-chinh-hang-p579962,bo-noi-5-day-cao-cap-num-vang-sunhouse-sh781-quay-ma-vang-cao-cap-16cm-20cm-24cm-dung-cho-moi-loai-bep-hang-chinh-hang-p579962.html?spid=580004,747000,213000,22,4.6,605,https://salt.tikicdn.com/cache/280x280/ts/product/1c/7e/31/eca1c10292802d21da1890cddbe3a5df.jpg,580004,960000,False,False,1,1224906877132,Việt Nam,,1,1/2/1883/1951/53052/2136,True,Tiki Trading,0,,280,False,True,1,Sunhouse,Bộ nồi,41048.0,280,1,4013,1221996228592,6072,Nhà Cửa - Đời Sống,Dụng cụ nhà bếp,Nồi và chảo,OFFICIAL_STORE,False,,,,,,1711993659,2024-04-01
414764,5702070483107,Lò Vi Sóng Sharp R-205VN(S) - 20L - Hàng chính hãng,lo-vi-song-sharp-r-205vn-s-20l-hang-chinh-hang-p414764,lo-vi-song-sharp-r-205vn-s-20l-hang-chinh-hang-p414764.html?spid=117842,1320000,370000,22,4.7,1198,https://salt.tikicdn.com/cache/280x280/ts/product/4f/25/95/a569eb6c41f6fb2b1d42c5433441fb8b.jpg,117842,1690000,False,False,1,5702070483107,Trung Quốc,,1,1/2/1882/1884/2022/2036,True,Tiki Trading,1,,280,False,True,1,Sharp,Lò vi sóng cơ,19912.0,280,1,2689,1861108241318,10570,Điện Gia Dụng,Đồ dùng nhà bếp,Lò vi sóng,OFFICIAL_STORE,False,,,,,,1711993659,2024-04-01
